{"cameraMode":{"drawMode":0,"name":"Shaded","section":"Shading Mode"},"sceneLighting":false,"audioPlay":false,"sceneViewState":{"showFog":true,"showMaterialUpdate":false,"showSkybox":true,"showFlares":false,"showImageEffects":false,"showParticleSystems":false,"showVisualEffectGraphs":true,"m_FxEnabled":true},"in2DMode":false,"pivot":{"x":14.906327247619629,"y":7.8020453453063969,"z":-15.238452911376954},"rotation":{"x":0.0009753342601470649,"y":-0.9982337951660156,"z":0.05696096271276474,"w":0.017082402482628824},"size":20.465423583984376,"orthographic":false}