{"cameraMode":{"drawMode":0,"name":"Shaded","section":"Shading Mode"},"sceneLighting":false,"audioPlay":false,"sceneViewState":{"showFog":true,"showMaterialUpdate":false,"showSkybox":true,"showFlares":false,"showImageEffects":false,"showParticleSystems":false,"showVisualEffectGraphs":true,"m_FxEnabled":true},"in2DMode":false,"pivot":{"x":0.19644787907600404,"y":0.24962300062179566,"z":0.38057923316955569},"rotation":{"x":0.033877383917570117,"y":0.02997743897140026,"z":-0.0010153923649340869,"w":0.9989835619926453},"size":0.6838721036911011,"orthographic":false}