{"cameraMode":{"drawMode":0,"name":"Shaded","section":"Shading Mode"},"sceneLighting":false,"audioPlay":false,"sceneViewState":{"showFog":true,"showMaterialUpdate":false,"showSkybox":true,"showFlares":false,"showImageEffects":false,"showParticleSystems":false,"showVisualEffectGraphs":true,"m_FxEnabled":true},"in2DMode":false,"pivot":{"x":0.0037726163864135744,"y":0.04243859648704529,"z":0.22349593043327332},"rotation":{"x":0.17594103515148164,"y":-0.44614478945732119,"z":0.08992701768875122,"w":0.8728834390640259},"size":0.5047858953475952,"orthographic":false}